time_s,speed_kmh
0,1.3781464049571068
1,4.530678976144051
2,8.360842978846023
3,12.441172297257385
4,16.582469739070735
5,20.192713184910225
6,22.51766366392033
7,23.48197064744414
8,22.51215525865877
9,23.62468965628723
10,24.47897855776517
11,25.12054014249497
12,25.85361476132346
13,27.018087058655805
14,27.94511767986584
15,28.10955882322205
16,27.399787031974526
17,25.69156505804084
18,24.64306995072227
19,23.53648362799998
20,22.198133254667713
21,21.900074860324555
22,22.06500960533856
23,23.76237326752672
24,25.226520234271735
25,26.576604466311014
26,27.911885316513597
27,28.238730634756514
28,29.381972006321224
29,29.49908088391805
30,29.36655251219162
31,29.34927786856316
32,28.398359548161963
33,27.49242291066925
34,25.967072782086106
35,24.626684060746218
36,23.727853006800245
37,23.200943441239122
38,23.08574632992112
39,22.47948183475229
40,22.83489633242929
41,23.22669235010809
42,24.118102110579464
43,24.807210962988673
44,25.274574624205663
45,26.09769440248101
46,26.5997315416122
47,26.985994202784433
48,26.375951311601604
49,25.814319216995592
50,25.87614054333957
51,25.112810483426966
52,24.210611136140926
53,21.694947113677035
54,18.07944513728684
55,14.163614209513913
56,9.672104208820926
57,4.530678976144051
58,8.360842978846023
59,12.441172297257385
60,16.582469739070735
61,20.192713184910225
62,22.51766366392033
63,23.48197064744414
64,22.51215525865877
65,23.62468965628723
66,24.47897855776517
67,25.12054014249497
68,25.85361476132346
69,27.018087058655805
70,27.94511767986584
71,28.10955882322205
72,27.399787031974526
73,25.69156505804084
74,24.64306995072227
75,23.53648362799998
76,22.198133254667713
77,21.900074860324555
78,22.06500960533856
79,23.76237326752672
80,25.226520234271735
81,26.576604466311014
82,27.911885316513597
83,28.238730634756514
84,29.381972006321224
85,29.49908088391805
86,29.36655251219162
87,29.34927786856316
88,28.398359548161963
89,27.49242291066925
90,25.967072782086106
91,24.626684060746218
92,23.727853006800245
93,23.200943441239122
94,23.08574632992112
95,22.47948183475229
96,22.83489633242929
97,23.22669235010809
98,24.118102110579464
99,24.807210962988673
100,25.274574624205663
101,26.09769440248101
102,26.5997315416122
103,26.985994202784433
104,26.375951311601604
105,25.814319216995592
106,25.87614054333957
107,25.112810483426966
108,24.210611136140926
109,21.694947113677035
110,18.07944513728684
111,14.163614209513913
112,9.672104208820926
113,4.530678976144051
114,8.360842978846023
115,12.441172297257385
116,16.582469739070735
117,20.192713184910225
118,22.51766366392033
119,23.48197064744414
120,22.51215525865877
121,23.62468965628723
122,24.47897855776517
123,25.12054014249497
124,25.85361476132346
125,27.018087058655805
126,27.94511767986584
127,28.10955882322205
128,27.399787031974526
129,25.69156505804084
130,24.64306995072227
131,23.53648362799998
132,22.198133254667713
133,21.900074860324555
134,22.06500960533856
135,23.76237326752672
136,25.226520234271735
137,26.576604466311014
138,27.911885316513597
139,28.238730634756514
140,29.381972006321224
141,29.49908088391805
142,29.36655251219162
143,29.34927786856316
144,28.398359548161963
145,27.49242291066925
146,25.967072782086106
147,24.626684060746218
148,23.727853006800245
149,23.200943441239122
150,23.08574632992112
151,22.47948183475229
152,22.83489633242929
153,23.22669235010809
154,24.118102110579464
155,24.807210962988673
156,25.274574624205663
157,26.09769440248101
158,26.5997315416122
159,26.985994202784433
160,26.375951311601604
161,25.814319216995592
162,25.87614054333957
163,25.112810483426966
164,24.210611136140926
165,21.694947113677035
166,18.07944513728684
167,14.163614209513913
168,9.672104208820926
169,3.6845397468550334
170,12.796705651585217
171,23.73126336724128
172,35.723114616301736
173,47.03770741677789
174,56.654255080047825
175,62.77714302713354
176,63.99331204205843
177,63.29295503518455
178,61.94031664214191
179,62.32441208887915
180,62.44192559890681
181,62.5443565988178
182,62.99383653143785
183,63.19891977787967
184,64.01701971852631
185,63.94775612238018
186,63.727737715041805
187,63.56538951402797
188,62.87833146730181
189,61.98397453642399
190,61.02388623648504
191,60.32574774602297
192,59.79845220097178
193,59.25036150059503
194,59.339185565758065
195,58.33462872867407
196,57.25037687865677
197,56.195828077859055
198,54.7584642002795
199,53.31834356940247
200,52.112949887265415
201,51.19365717716058
202,50.82147366051161
203,50.68739962886405
204,50.83362456030974
205,50.57357815368763
206,50.89313267257774
207,51.76041535930869
208,52.33973545160878
209,52.503272450482804
210,52.08777324451825
211,51.30607582276387
212,50.47085118819713
213,50.27853424936359
214,50.16237143039893
215,50.12236273130298
216,50.158508152075754
217,3.6845397468550334
218,12.796705651585217
219,23.73126336724128
220,35.723114616301736
221,47.03770741677789
222,56.654255080047825
223,62.77714302713354
224,63.99331204205843
225,63.29295503518455
226,61.94031664214191
227,62.32441208887915
228,62.44192559890681
229,62.5443565988178
230,62.99383653143785
231,63.19891977787967
232,64.01701971852631
233,63.94775612238018
234,63.727737715041805
235,63.56538951402797
236,62.87833146730181
237,61.98397453642399
238,61.02388623648504
239,60.32574774602297
240,59.79845220097178
241,59.25036150059503
242,59.339185565758065
243,58.33462872867407
244,57.25037687865677
245,56.195828077859055
246,54.7584642002795
247,53.31834356940247
248,52.112949887265415
249,51.19365717716058
250,50.82147366051161
251,50.68739962886405
252,50.83362456030974
253,50.57357815368763
254,50.89313267257774
255,51.76041535930869
256,52.33973545160878
257,52.503272450482804
258,52.08777324451825
259,51.30607582276387
260,50.47085118819713
261,50.27853424936359
262,50.16237143039893
263,50.12236273130298
264,50.158508152075754
265,45.342441159496296
266,45.42341783957044
267,45.054445997764944
268,44.47596548152007
269,44.131490246234804
270,43.344974724959634
271,42.11429348656839
272,41.3767871719045
273,40.95736341521642
274,40.786302618910675
275,40.33058406093034
276,39.997138633669614
277,39.300597693350795
278,39.3814230761463
279,39.818621533866526
280,40.5155292794189
281,41.65506533494763
282,43.12974738802891
283,44.101562799895994
284,44.94832479724297
285,44.76342218581932
286,43.77554182383725
287,42.57970528350283
288,40.75306330449745
289,37.640625799947124
290,34.110648102725854
291,29.64417716154855
292,25.134223098256175
293,20.101783050045135
294,14.546857016915327
295,8.469444998866765
296,1.8695469958994373
