segment_id,trip_id,env_pred,road_type_true,avg_speed,max_speed,std_speed,avg_accel,avg_decel,max_accel,max_decel,idle_time_pct,accel_time_pct,decel_time_pct,cruise_time_pct,stops_per_km,duration_s,distance_km,cluster,cluster_size,cluster_weight
110,18,expressway,expressway,86.85248839449139,103.20233073580998,7.322934450692355,0.17635895422056594,-0.18947736697501275,0.39229921249751243,-0.38400669792071085,0.0,25.25,26.25,48.5,0.0,400.0,9.65027648827682,0,13,13
102,15,expressway,expressway,82.97457349994922,88.61713662765744,4.006160683272416,0.2518965875276756,-0.24696857870964056,0.33177362487911566,-0.42793290068100553,0.0,17.24137931034483,48.275862068965516,34.48275862068966,0.0,29.0,0.6684062865273687,1,2,2
96,14,intercity,intercity,57.977877810148314,68.53618451109386,7.567709831277911,0.23207924200521235,-0.20600436605519026,0.6198891596171574,-0.4112994982152003,0.0,37.916666666666664,26.25,35.833333333333336,0.0,240.0,3.8651918540098875,0,10,10
87,12,intercity,intercity,56.580857972054645,65.21089677442953,11.876629176201778,0.2213694654473316,-0.5368324141081244,0.42668831503748095,-1.7188482110967458,0.0,29.629629629629626,35.18518518518518,35.18518518518518,0.0,108.0,1.6974257391616392,1,1,1
51,6,rural,suburban,36.88978497258169,47.69805338519578,7.287846575930295,0.24786621991243968,-0.4103067729845068,0.5618261975785783,-1.565203061614234,0.0,26.041666666666668,36.45833333333333,37.5,0.0,96.0,0.983727599268845,0,8,8
34,3,rural,urban,18.609171634568447,29.439327867114073,4.811232758476782,0.3171874581743031,-0.2739316233393172,0.9702179751005288,-0.7226367501855164,0.49019607843137253,35.294117647058826,34.80392156862745,29.901960784313726,0.0,204.0,1.0545197259588783,1,38,38
9,0,rural,urban,14.863913250951473,22.65438314195839,5.3649883173144275,0.8610848859361011,-0.2817073620591482,1.076551397276263,-0.48636769102254185,4.761904761904762,33.33333333333333,42.857142857142854,23.809523809523807,0.0,21.0,0.08670616063055027,2,1,1
122,21,rural,rural,28.461767884266003,44.724440330522015,10.222087183792025,0.43386905236115486,-0.38528426996406057,1.444396268098082,-1.1434798179336136,0.8547008547008548,32.47863247863248,38.46153846153847,29.059829059829063,0.0,117.0,0.9250074562386449,3,10,10
44,5,rural,suburban,36.265684954785094,46.220553606821724,6.6404388579322084,0.3034387347681089,-0.20962070345830727,1.4521539725718442,-0.4646457334273375,0.4166666666666667,33.33333333333333,30.416666666666664,36.25,0.0,240.0,2.4177123303190053,4,26,26
74,9,rural,suburban,38.619636551316326,51.99064945868036,9.61660632223599,0.3417711879388301,-0.4397824292178109,1.7015875941404022,-1.6734776973242877,1.2121212121212122,37.57575757575757,30.909090909090907,31.515151515151512,0.5649504699297375,165.0,1.7700666752686645,5,3,3
15,1,suburban,urban,22.865419829268564,29.49908088391805,6.251477159641967,0.3998283718947555,-0.47739183558554643,1.1418926055867655,-1.2205817117459692,1.7241379310344827,46.55172413793103,34.48275862068966,18.96551724137931,0.0,58.0,0.3683873194715491,0,9,9
62,7,suburban,suburban,37.42909984757175,45.58517940836255,10.888497732430894,0.2736067496423928,-0.7120514902587903,0.36308584841805747,-1.8333050008242573,3.0303030303030303,15.151515151515152,60.60606060606061,24.242424242424242,2.9146014607665336,33.0,0.34310008193607444,1,1,1
90,12,suburban,intercity,52.468535410255406,64.01701971852631,14.107501497575122,1.4093885862885385,-0.23159304356612664,3.2370061179911955,-0.39965062617452496,2.0,26.0,38.0,36.0,0.0,50.0,0.7287296584757695,2,2,2
66,8,urban,suburban,26.129541681247325,33.98067422912496,8.755850118389652,0.5533128288962321,-0.7325481365026648,1.5555058746113621,-1.659253749259839,2.564102564102564,48.717948717948715,35.8974358974359,15.384615384615385,0.0,39.0,0.2830700348801793,0,4,4
39,4,urban,urban,18.191064212855746,25.73453593802767,6.0324610861145915,0.618692572062006,-0.47092409684235975,1.266316847854644,-1.1840157761092847,2.564102564102564,33.33333333333333,41.02564102564102,25.64102564102564,0.0,39.0,0.1970698623059373,1,19,19
