segment_id,trip_id,env_pred,road_type_true,avg_speed,max_speed,std_speed,avg_accel,avg_decel,max_accel,max_decel,idle_time_pct,accel_time_pct,decel_time_pct,cruise_time_pct,stops_per_km,duration_s,distance_km
0,0,rural,urban,19.29970596212576,26.17968052203589,4.067774099592955,0.2884536992919719,-0.27809117637952707,0.6869187545408111,-0.9636935472574528,0.0,30.88235294117647,37.5,31.61764705882353,0.0,136.0,0.7291000030136398
1,0,urban,urban,15.118372163198268,24.142214415590736,5.015867235771172,0.4198851754523026,-0.41801843364969743,1.146345723485839,-1.1063632462450919,1.2658227848101267,41.77215189873418,41.77215189873418,16.455696202531644,0.0,79.0,0.3317642780257397
2,0,suburban,urban,20.385817530985513,29.582070965909427,5.408852885489109,0.34143322096623274,-0.40209639712437195,1.0689386160013357,-1.2560271281708577,1.1494252873563218,36.7816091954023,29.88505747126437,33.33333333333333,0.0,87.0,0.4926572569988167
3,0,rural,urban,19.142778301542908,29.44462754647145,5.313956321408584,0.43835144016705635,-0.34271513292731426,1.4655605353949785,-0.9597925726889951,0.7751937984496124,28.68217054263566,34.10852713178294,37.2093023255814,0.0,129.0,0.6859495558052876
4,0,urban,urban,20.126989239451447,29.103579305783665,6.360890210324745,0.30682829977574055,-0.40764570221158747,0.7322477419262425,-1.2202268233187352,1.3157894736842104,47.368421052631575,32.89473684210527,19.736842105263158,0.0,76.0,0.42490310616619714
5,0,urban,urban,16.874323904799258,25.73197803818614,6.041770789861103,0.7409950262051501,-0.4237352110889236,1.3409569759547786,-0.9514699857636608,2.631578947368421,26.31578947368421,42.10526315789473,31.57894736842105,0.0,38.0,0.17811786343954775
6,0,rural,urban,17.562225068953044,26.468536067488394,4.74074640388256,0.3388449657120476,-0.2847409669768563,1.189465438564636,-1.1048136397900872,0.5263157894736842,33.68421052631579,38.94736842105263,27.368421052631582,0.0,190.0,0.9268952119725218
7,0,rural,urban,15.193406666325656,23.16317793346552,4.651903098462899,0.32964920944045134,-0.3135373125300553,1.1801698297659766,-0.8355477579581769,0.9803921568627451,33.33333333333333,34.31372549019608,32.35294117647059,0.0,102.0,0.4304798555458935
8,0,urban,urban,14.370760381694774,21.46339386062899,5.158566284193658,0.5684507132363991,-0.5089419129720888,0.9948108598920725,-1.072597252532196,2.941176470588235,38.23529411764706,41.17647058823529,20.588235294117645,0.0,34.0,0.1357238480493395
9,0,rural,urban,14.863913250951473,22.65438314195839,5.3649883173144275,0.8610848859361011,-0.2817073620591482,1.076551397276263,-0.48636769102254185,4.761904761904762,33.33333333333333,42.857142857142854,23.809523809523807,0.0,21.0,0.08670616063055027
10,1,rural,urban,20.07637925893729,28.34238855849668,4.084346795003169,0.31360585798087126,-0.2715951644178927,1.1184878716117943,-0.8000729638567128,0.4166666666666667,32.916666666666664,30.0,37.083333333333336,0.0,240.0,1.3384252839291526
11,1,rural,urban,18.159835406008156,23.79590836410671,3.0913980808420276,0.21771495838287722,-0.33944654852674144,0.3722206256723384,-1.125499920231166,0.0,24.65753424657534,39.726027397260275,35.61643835616438,0.0,73.0,0.3682411068440543
12,1,urban,urban,14.144792107802548,22.031065708046718,4.743280294317688,0.45299161801425336,-0.4058712502752585,1.1302194117618098,-0.9831707419717859,1.8518518518518516,37.03703703703704,38.88888888888889,24.074074074074073,0.0,54.0,0.21217188161703815
13,1,rural,urban,18.225160194414553,25.951832181005344,4.849200267452813,0.31389866099891606,-0.3208011999083674,1.4533129209921918,-1.3479000266490644,0.4716981132075472,34.43396226415094,33.0188679245283,32.54716981132076,0.0,212.0,1.0732594336710795
14,1,urban,urban,16.311542617174194,23.635196952568126,5.053329972971527,0.4673312971376866,-0.3467440073468728,1.317345341149872,-0.7555969621842249,1.8867924528301887,33.9622641509434,41.509433962264154,24.528301886792452,0.0,53.0,0.24014215519728674
15,1,suburban,urban,22.865419829268564,29.49908088391805,6.251477159641967,0.3998283718947555,-0.47739183558554643,1.1418926055867655,-1.2205817117459692,1.7241379310344827,46.55172413793103,34.48275862068966,18.96551724137931,0.0,58.0,0.3683873194715491
16,1,rural,urban,18.908373188430254,27.51094855655316,3.9443699488238364,0.32611827998578724,-0.2471280559519152,1.0585716593081282,-0.5086371788284203,0.8264462809917356,38.84297520661157,31.40495867768595,29.75206611570248,0.0,121.0,0.6355314321666836
17,2,rural,urban,20.356268144126748,27.507092815327507,3.609229660434833,0.23703642086351445,-0.24991335414021476,0.6330475975062761,-0.507273503268793,0.0,33.75,29.583333333333332,36.666666666666664,0.0,240.0,1.3570845429417833
18,2,suburban,urban,14.7923062808684,19.025221963711864,3.593231457577239,0.2324757745913437,-0.39121147634214115,0.32713226899734793,-0.8783502387913912,0.0,16.27906976744186,39.53488372093023,44.18604651162791,0.0,43.0,0.17668588057703924
19,2,rural,urban,21.165148572291155,28.02556145151332,5.409650608022098,0.31650183966634937,-0.34695827086755526,1.128439265846239,-0.9994872564361015,0.9345794392523363,36.44859813084112,32.71028037383177,30.8411214953271,0.0,107.0,0.6290752492319871
20,2,suburban,urban,18.801033112186772,27.00487413115343,7.240838506518575,0.44854859998641194,-0.5141872195811157,0.9645766059897898,-0.9214845227786234,2.7777777777777777,44.44444444444444,36.11111111111111,19.444444444444446,0.0,36.0,0.18801033112186769
21,2,urban,urban,18.972573179798523,28.803038493516723,6.0392259836521,0.33352871961467734,-0.3677732203396693,1.094674686509466,-1.1899554232571348,0.8264462809917356,38.01652892561984,34.710743801652896,27.27272727272727,0.0,121.0,0.6376892652098949
22,2,rural,urban,22.26186799890308,30.073381625735113,6.017260994055623,0.5595593192136245,-0.39785115536179383,1.5291956199490337,-1.278188988192786,1.4925373134328357,26.865671641791046,38.80597014925373,34.32835820895522,0.0,67.0,0.414318098868474
23,2,urban,urban,11.808516601110702,18.835031347790153,4.4738357088242084,0.5737212283531011,-0.4789099733110677,1.0824805034986644,-0.8620850119053997,4.166666666666666,45.83333333333333,50.0,4.166666666666666,0.0,24.0,0.07872344400740466
24,2,urban,urban,18.526880318725983,27.86483329020282,6.148253754888202,0.5232185123225137,-0.5242304386383247,1.2034833144688906,-1.2067303206285849,1.8181818181818181,40.0,38.18181818181819,21.818181818181817,0.0,55.0,0.28304956042498025
25,2,urban,urban,18.94551788118461,25.164452978096243,5.976015448142192,0.6372988711244604,-0.4350801763401427,1.2267878141314803,-1.2070006142366716,2.2222222222222223,28.888888888888886,40.0,31.11111111111111,0.0,45.0,0.23681897351480763
26,2,rural,urban,17.857496638572414,28.120799397035956,4.935032266009037,0.35691957709655475,-0.2600212891626463,1.5342952592381507,-0.7353607812526386,0.8333333333333334,32.916666666666664,35.41666666666667,31.25,0.8399833584512519,240.0,1.1904997759048277
27,2,rural,urban,21.444915541085624,28.309640182056757,4.416205513213994,0.2856205696768666,-0.2865558746124908,0.5061623044783077,-0.5494494678692234,0.0,28.888888888888886,26.666666666666668,44.44444444444444,0.0,45.0,0.2680614442635703
28,3,urban,urban,16.253033956263224,21.80584538075864,4.562986096405025,0.2818413823968772,-0.5057239827430448,0.5609767867127065,-1.1535614174947315,0.0,23.91304347826087,28.26086956521739,47.82608695652174,0.0,46.0,0.20767765610780786
29,3,suburban,urban,15.597211164251416,24.81562224324309,3.958349888649277,0.3961202129189263,-0.34170571228116625,1.2194142268284693,-0.8928945900259295,0.9523809523809524,30.476190476190478,33.33333333333333,36.19047619047619,0.0,105.0,0.4549186589573329
30,3,urban,urban,22.053555990294523,28.477323045173375,6.337895034071001,0.5373063179986328,-0.5404890929805498,1.4762125365543626,-1.1859383344384544,1.7543859649122806,31.57894736842105,28.07017543859649,40.35087719298245,0.0,57.0,0.3491813031796632
31,3,rural,urban,20.72488199544516,28.770862064443833,4.415707051418068,0.2971067444139447,-0.32538617089351374,1.1764328404972584,-1.2286717866616366,0.47393364928909953,36.492890995260666,34.12322274881517,29.383886255924168,0.0,211.0,1.2147083613997025
32,3,urban,urban,19.42339239431957,25.049472991644148,5.0792972791666005,0.3492793770060087,-0.37790966968910045,0.9582069500859187,-1.109020995664522,1.1764705882352942,28.235294117647058,28.235294117647058,43.529411764705884,0.0,85.0,0.4586078759769899
33,3,rural,urban,17.634522000441645,26.494406873390062,3.867005405782351,0.28489028819333645,-0.3151267631290659,0.8342178007507326,-1.0604460551463433,0.5025125628140703,39.19597989949749,34.17085427135678,26.633165829145728,0.0,199.0,0.9747971883577465
34,3,rural,urban,18.609171634568447,29.439327867114073,4.811232758476782,0.3171874581743031,-0.2739316233393172,0.9702179751005288,-0.7226367501855164,0.49019607843137253,35.294117647058826,34.80392156862745,29.901960784313726,0.0,204.0,1.0545197259588783
35,4,urban,urban,17.904503048425887,24.058718184495497,5.356383569761836,0.21970752248532993,-0.5661347736687902,0.36433156069936157,-0.9608607482168559,0.0,50.0,30.555555555555557,19.444444444444446,0.0,36.0,0.17904503048425885
36,4,urban,urban,16.604586551568207,22.97485492228237,6.12603980937654,0.7853307046658664,-0.65838370972243,1.2074737695006346,-1.0347343778777849,3.571428571428571,28.57142857142857,32.142857142857146,39.285714285714285,0.0,28.0,0.12914678428997495
37,4,rural,urban,19.41781888097667,30.61753883615748,3.614673713449122,0.269690887504499,-0.2432989265251236,1.0583122808727674,-0.5829127915748913,0.4166666666666667,38.333333333333336,31.666666666666664,30.0,0.0,240.0,1.2945212587317783
38,4,rural,urban,21.67060780504156,27.73743493545225,4.158150164391331,0.25858342502954895,-0.301299203406641,0.5585401080650225,-1.2730659036056184,0.0,29.743589743589745,34.87179487179487,35.38461538461539,0.0,195.0,1.1738245894397512
39,4,urban,urban,18.191064212855746,25.73453593802767,6.0324610861145915,0.618692572062006,-0.47092409684235975,1.266316847854644,-1.1840157761092847,2.564102564102564,33.33333333333333,41.02564102564102,25.64102564102564,0.0,39.0,0.1970698623059373
40,4,urban,urban,18.06631805200283,28.422958765552043,7.042733164703404,0.7525590337144873,-0.546395107132553,1.4332456686266393,-1.1230586462344752,3.225806451612903,35.483870967741936,45.16129032258064,19.35483870967742,0.0,31.0,0.1555710721144688
41,4,rural,urban,18.68528536875666,25.52172150235451,4.952868802584039,0.2365248243710104,-0.18603676881650288,0.5362145314813196,-0.28986339578129483,1.1627906976744187,51.162790697674424,18.6046511627907,30.23255813953488,0.0,86.0,0.44637070603140916
42,5,rural,suburban,38.451004164292996,47.78076382112378,5.037833456709049,0.2565864732583695,-0.22128054620285076,0.5103403050295823,-0.5031097171237642,0.0,36.666666666666664,30.416666666666664,32.916666666666664,0.0,240.0,2.563400277619533
43,5,urban,suburban,34.48397442653667,43.456179719739794,10.565206677058315,0.18016398708771542,-0.5816171373054774,0.20528417206572147,-1.5942004120516247,0.0,5.714285714285714,60.0,34.285714285714285,0.0,35.0,0.33526086248021764
44,5,rural,suburban,36.265684954785094,46.220553606821724,6.6404388579322084,0.3034387347681089,-0.20962070345830727,1.4521539725718442,-0.4646457334273375,0.4166666666666667,33.33333333333333,30.416666666666664,36.25,0.0,240.0,2.4177123303190053
45,5,rural,suburban,35.804626214798304,42.53387323098167,5.778181943889188,0.2065163027897436,-0.39371199410269914,0.44259236995780693,-1.6901105767822213,0.0,28.32369942196532,30.057803468208093,41.61849710982659,0.0,173.0,1.7206112042111406
46,5,rural,suburban,37.78605470231229,46.14314160056582,6.394029278641879,0.3480774995659474,-0.20024883885164038,2.1996491291419815,-0.43054148097417233,0.4166666666666667,29.583333333333332,33.75,36.666666666666664,0.0,240.0,2.519070313487486
47,5,rural,suburban,35.04635846321424,42.01241467208298,7.593139632048714,0.21467334458685872,-0.6731929435347686,0.39515307570139147,-1.7215749578853545,0.0,35.82089552238806,28.35820895522388,35.82089552238806,0.0,67.0,0.6522516713987095
48,5,rural,suburban,40.16200902438721,49.25437814727909,6.974907630121059,0.460127318595904,-0.22713647940968906,2.1028781613977334,-0.46975137869748274,0.6369426751592357,31.210191082802545,31.210191082802545,37.57961783439491,0.0,157.0,1.751509838007998
49,6,rural,suburban,38.68446597105044,52.1834049627894,7.202834208558809,0.267875124683038,-0.33293906109603966,0.5450200334711424,-1.7130284118536614,0.0,32.589285714285715,33.92857142857143,33.482142857142854,0.0,224.0,2.407033438198694
50,6,rural,suburban,37.89488888194898,48.42896657461939,6.598608497817527,0.35706887948674065,-0.23282475884512985,2.237995729281039,-0.4793189911942708,0.4166666666666667,32.083333333333336,35.0,32.916666666666664,0.0,240.0,2.5263259254632655
51,6,rural,suburban,36.88978497258169,47.69805338519578,7.287846575930295,0.24786621991243968,-0.4103067729845068,0.5618261975785783,-1.565203061614234,0.0,26.041666666666668,36.45833333333333,37.5,0.0,96.0,0.983727599268845
52,6,rural,suburban,37.61388725026945,48.15170807097906,10.078535437555608,0.6551652556224768,-0.43015837556395164,2.4994089728931335,-1.6772025521296556,1.098901098901099,29.67032967032967,43.956043956043956,26.373626373626376,0.0,91.0,0.9507954832707001
53,6,suburban,suburban,38.73467937540892,48.637379780318206,7.765212417245081,0.4767433037420076,-0.40228438780473713,2.0158499749441723,-1.7607430877819432,0.684931506849315,30.82191780821918,35.61643835616438,33.56164383561644,0.0,146.0,1.5709064413360283
54,6,rural,suburban,42.28748320727843,50.35540085171322,5.927056645011039,0.3522482893603587,-0.22386250540331334,2.2595703022329827,-0.4688567706474318,0.4166666666666667,33.75,29.583333333333332,36.666666666666664,0.0,240.0,2.819165547151895
55,6,rural,suburban,42.46651493114008,46.641480032756604,1.4717034999670529,0.28164315475074164,-0.18868028987961857,0.4962324652906567,-0.34586217509840544,0.0,34.61538461538461,26.923076923076923,38.46153846153847,0.0,26.0,0.3067026078360118
56,7,rural,suburban,37.74969493438913,48.182091839612966,6.791990696943574,0.24162039581642505,-0.3745675268404653,0.8564921412563509,-1.43871304739115,0.0,32.432432432432435,29.054054054054053,38.513513513513516,0.0,148.0,1.5519319028582197
57,7,rural,suburban,37.77569350372564,46.75067081332099,8.04411927849156,0.42828024956226285,-0.38323427351018324,2.0796953502896285,-1.7024290007380203,0.6451612903225806,30.32258064516129,32.903225806451616,36.774193548387096,0.0,155.0,1.6264534702992983
58,7,rural,suburban,39.97814070190725,51.02067839501464,6.286082585617539,0.39359113452071,-0.2166887294048287,2.223503156566337,-0.387992721776552,0.4166666666666667,32.916666666666664,36.666666666666664,30.416666666666664,0.0,240.0,2.66520938012715
59,7,rural,suburban,37.444743305961055,45.22970872744853,6.0256051872794165,0.2241491455052746,-0.4501104507289633,0.45270236145131104,-1.6970393915605002,0.0,27.00729927007299,31.386861313868614,41.605839416058394,0.0,137.0,1.4249805091435177
60,7,rural,suburban,33.13695092192548,43.162537277489676,7.990354268040915,0.468466946365079,-0.3564171244774579,2.1424676289687694,-1.4681657921544677,0.8130081300813009,28.455284552845526,34.959349593495936,36.58536585365854,0.0,123.0,1.1321791564991206
61,7,rural,suburban,39.44934326158338,45.4040451421302,5.042659437340832,0.31413614543717094,-0.21166932455269527,1.8066503728893455,-0.5192938252718866,0.4166666666666667,32.083333333333336,24.166666666666668,43.75,0.0,240.0,2.6299562174388917
62,7,suburban,suburban,37.42909984757175,45.58517940836255,10.888497732430894,0.2736067496423928,-0.7120514902587903,0.36308584841805747,-1.8333050008242573,3.0303030303030303,15.151515151515152,60.60606060606061,24.242424242424242,2.9146014607665336,33.0,0.34310008193607444
63,8,rural,suburban,39.1354626206005,55.52555970539919,7.802284620827394,0.28005509797289146,-0.3846819201059275,0.6671478124148713,-1.661483572669467,0.0,33.81642512077295,32.850241545893724,33.33333333333333,0.0,207.0,2.2502891006845287
64,8,rural,suburban,37.17656231638587,49.25014842119185,8.273013010037724,0.31895216569075846,-0.25252815045346566,2.158080574167493,-0.7749173059353467,0.4166666666666667,39.166666666666664,29.583333333333332,31.25,0.0,240.0,2.4784374877590576
65,8,rural,suburban,43.47372071242353,58.007534189419836,8.192703535753793,0.28817169068646364,-0.3677459266600596,0.7190439159042326,-1.6363850709919763,0.0,34.104046242774565,47.398843930635834,18.497109826589593,0.0,173.0,2.089153800902575
66,8,urban,suburban,26.129541681247325,33.98067422912496,8.755850118389652,0.5533128288962321,-0.7325481365026648,1.5555058746113621,-1.659253749259839,2.564102564102564,48.717948717948715,35.8974358974359,15.384615384615385,0.0,39.0,0.2830700348801793
67,8,rural,suburban,34.634914042607136,45.65268839401597,8.53344033716331,0.4435310499573587,-0.37836409540227317,2.1209124742895096,-0.6911172947721287,1.1235955056179776,46.06741573033708,28.08988764044944,25.842696629213485,0.0,89.0,0.8562520416088987
68,9,suburban,suburban,28.878688814593893,41.69539442011031,9.247762606338648,0.3280459347877243,-0.769538591898481,0.6974668620601081,-1.6189952538593086,0.0,39.62264150943396,30.18867924528302,30.18867924528302,0.0,53.0,0.4251584742148545
69,9,rural,suburban,36.76592981871685,47.147009480621556,5.9529193449863165,0.31822922251255653,-0.23477608091009625,2.0440486231765878,-0.531535299800483,0.4166666666666667,36.666666666666664,27.916666666666668,35.41666666666667,0.0,240.0,2.451061987914457
70,9,rural,suburban,35.84840375811007,48.2165388919323,10.014024645742017,0.22088813857066453,-0.5260488562388113,0.49100596597127577,-1.3113983321609428,0.0,30.909090909090907,54.54545454545454,14.545454545454545,0.0,55.0,0.5476839463044594
71,9,rural,suburban,37.4905376514275,48.61850577489239,8.19362004349029,0.3707471274539766,-0.37206735235849264,2.1408064786099708,-1.6304767244100464,0.6172839506172839,31.48148148148148,31.48148148148148,37.03703703703704,0.0,162.0,1.6870741943142378
72,9,urban,suburban,34.99536302805417,53.008822588182014,14.181871696057703,0.5425846725799649,-0.9713900601105636,1.6374930434136434,-1.72215860390168,2.127659574468085,57.446808510638306,31.914893617021278,10.638297872340425,0.0,47.0,0.4568839061995962
73,9,rural,suburban,41.31421930512559,56.82140830575877,10.031561931918498,0.4122863890882424,-0.3814253295139121,2.192678784602448,-1.6957216889435927,0.6329113924050633,39.24050632911392,41.139240506329116,19.62025316455696,0.0,158.0,1.8132351806138454
74,9,rural,suburban,38.619636551316326,51.99064945868036,9.61660632223599,0.3417711879388301,-0.4397824292178109,1.7015875941404022,-1.6734776973242877,1.2121212121212122,37.57575757575757,30.909090909090907,31.515151515151512,0.5649504699297375,165.0,1.7700666752686645
75,10,rural,intercity,52.287680942730525,62.62429237654433,5.860365069680988,0.2550939036038084,-0.21737563601200993,0.5710731983583477,-0.507052110096101,0.0,34.166666666666664,31.25,34.583333333333336,0.0,240.0,3.485845396182035
76,10,intercity,intercity,63.80466424920626,71.78948039660521,4.710314647862626,0.22421336641986855,-0.23393031601748865,0.39618558582581365,-0.4742622932340357,0.0,38.333333333333336,28.749999999999996,32.916666666666664,0.0,240.0,4.253644283280416
77,10,rural,intercity,53.14244331964607,65.11481800403108,8.175185755156651,0.20868310171581905,-0.3926031187639349,0.4199231083474375,-1.6543206303252849,0.0,26.256983240223462,38.547486033519554,35.19553072625698,0.0,179.0,2.64236037617129
78,10,rural,intercity,56.730808768325055,67.93227547970687,8.266066738933565,0.46436851400651397,-0.20396625013034259,3.023118639958078,-0.4468635006382744,0.45454545454545453,29.545454545454547,31.363636363636367,39.09090909090909,0.0,220.0,3.4668827580643096
79,11,intercity,intercity,58.11679497595373,78.0243863107734,9.403441008630734,0.20940217971336106,-0.1834560218796549,0.4805304627863407,-0.36016139861859564,0.0,36.25,30.0,33.75,0.0,240.0,3.874452998396915
80,11,rural,intercity,49.79183055010584,61.57941252585988,7.76140755390531,0.22384439567278264,-0.3744064227155548,0.4013234393050622,-1.7292023590683248,0.0,23.88888888888889,33.33333333333333,42.77777777777778,0.0,180.0,2.4895915275052922
81,11,intercity,intercity,58.41936140477231,72.93368288254669,9.286381496837597,0.3995852564048161,-0.23495221588883686,2.767956483717761,-0.5332918800470363,0.4166666666666667,32.083333333333336,26.666666666666668,41.25,0.0,240.0,3.894624093651487
82,11,intercity,intercity,58.460234636926245,71.70055030396713,6.683104874169839,0.20334473491842023,-0.21545305019086636,0.4240916274635236,-0.45186300682718716,0.0,31.666666666666664,24.583333333333332,43.75,0.0,240.0,3.897348975795083
83,11,rural,intercity,57.473874942960244,72.61079976217162,19.72659603324959,0.2335286176479429,-0.8382106865810727,0.36401330181758595,-1.7001060039791769,0.0,15.789473684210526,63.1578947368421,21.052631578947366,0.0,38.0,0.6066686799534692
84,11,intercity,intercity,61.01481412896121,77.9091359972178,11.334457611297273,0.4125493876827049,-0.24730238223892317,2.864473037761783,-0.569405712400413,0.5681818181818182,37.5,27.27272727272727,35.22727272727273,0.0,176.0,2.9829464685269924
85,12,rural,intercity,40.02015690852955,51.93254929471215,9.731957659136663,0.22514564571007759,-0.7613273120063024,0.44252619394578474,-1.7448462262522662,0.0,41.42857142857143,28.57142857142857,30.0,0.0,70.0,0.7781697176658523
86,12,rural,intercity,45.241533937861455,58.46756689360928,6.95661260047344,0.37884635547400486,-0.21402699361121474,2.7415442515632265,-0.591011148831396,0.4166666666666667,33.75,32.083333333333336,34.166666666666664,0.0,240.0,3.0161022625240967
87,12,intercity,intercity,56.580857972054645,65.21089677442953,11.876629176201778,0.2213694654473316,-0.5368324141081244,0.42668831503748095,-1.7188482110967458,0.0,29.629629629629626,35.18518518518518,35.18518518518518,0.0,108.0,1.6974257391616392
88,12,intercity,intercity,56.18006804131377,67.0827177368285,7.864202778034396,0.4006791505452423,-0.20027419618945372,2.871316042048985,-0.41998097339940443,0.4166666666666667,31.25,30.416666666666664,38.333333333333336,0.0,240.0,3.7453378694209176
89,12,rural,intercity,55.47831921586297,69.93261311346306,8.033703287207725,0.23353304620636717,-0.2868882462273146,0.5674244470822698,-1.7225261129322367,0.0,30.0,36.25,33.75,0.0,240.0,3.6985546143908645
90,12,suburban,intercity,52.468535410255406,64.01701971852631,14.107501497575122,1.4093885862885385,-0.23159304356612664,3.2370061179911955,-0.39965062617452496,2.0,26.0,38.0,36.0,0.0,50.0,0.7287296584757695
91,13,rural,intercity,50.495692133056004,60.92412706839579,4.931929815624725,0.21559757631148208,-0.2334046125889143,0.42679704839374555,-0.5134457763396716,0.0,36.25,28.749999999999996,35.0,0.0,240.0,3.366379475537067
92,13,rural,intercity,54.22151231250537,62.7926925163633,4.426718001900769,0.20177957121138154,-0.19520155652443305,0.499450967369083,-0.3985660212268147,0.0,30.833333333333336,27.916666666666668,41.25,0.0,240.0,3.6147674875003575
93,13,rural,intercity,54.486630216562496,65.65651841322813,4.928485032835015,0.2074508038243994,-0.21746005095367207,0.5675684210517034,-0.4652125790316788,0.0,28.333333333333332,30.416666666666664,41.25,0.0,240.0,3.6324420144374994
94,13,intercity,intercity,65.92075530042675,77.74898931950545,6.012972176228386,0.2184755855893269,-0.1905303165038545,0.47913819881586583,-0.3938403983518839,0.0,29.583333333333332,28.333333333333332,42.083333333333336,0.0,240.0,4.39471702002845
95,13,rural,intercity,51.414213569343076,66.3416493081586,7.689598563681281,0.2076882312324045,-0.2509891561866895,0.4890755274651504,-0.5635387094934252,0.0,29.22077922077922,31.818181818181817,38.961038961038966,0.0,154.0,2.1993858026885644
96,14,intercity,intercity,57.977877810148314,68.53618451109386,7.567709831277911,0.23207924200521235,-0.20600436605519026,0.6198891596171574,-0.4112994982152003,0.0,37.916666666666664,26.25,35.833333333333336,0.0,240.0,3.8651918540098875
97,14,intercity,intercity,53.36165745860247,66.16149278297743,8.673614042097599,0.23211640127144548,-0.2181355278293658,0.45335487976422684,-0.4979370445366573,0.0,27.083333333333332,34.166666666666664,38.75,0.0,240.0,3.5574438305734986
98,14,intercity,intercity,57.12746158059916,67.53844702325436,5.426103056786166,0.2275921223714438,-0.22449652832413683,0.43768630350257354,-0.40927474016075216,0.0,28.333333333333332,27.083333333333332,44.583333333333336,0.0,240.0,3.8084974387066106
99,14,rural,intercity,44.98004772826106,52.922034721401324,8.205297549657393,0.22040172953421408,-0.3396005216861582,0.5273548347310211,-1.698697161616952,0.9433962264150944,28.30188679245283,36.32075471698113,34.90566037735849,0.3775258794312577,212.0,2.648825032886484
100,15,expressway,expressway,83.8189144978829,99.75941770808284,9.304937361945267,0.2021567658889929,-0.17589874990768226,0.43646361903376985,-0.3289870188224313,0.0,32.0,21.25,46.75,0.0,400.0,9.313212721986991
101,15,expressway,expressway,93.08487388762471,103.58908547179635,5.084013412601851,0.19765534466892237,-0.21033419171378662,0.5554667800898496,-0.41292352173488744,0.0,25.75,25.0,49.25,0.0,400.0,10.342763765291634
102,15,expressway,expressway,82.97457349994922,88.61713662765744,4.006160683272416,0.2518965875276756,-0.24696857870964056,0.33177362487911566,-0.42793290068100553,0.0,17.24137931034483,48.275862068965516,34.48275862068966,0.0,29.0,0.6684062865273687
103,16,expressway,expressway,83.30343317606548,94.8397380609455,10.824527201823289,0.21057511564554726,-0.17565394246650656,0.5115784771158367,-0.40338898381232546,0.0,31.75,20.5,47.75,0.0,400.0,9.255937019562829
104,16,expressway,expressway,92.44365306904012,103.4460181328699,5.735761725753936,0.19204437846926797,-0.19504721070472444,0.37318745064336234,-0.3724342077349512,0.0,30.0,26.75,43.25,0.0,400.0,10.271517007671124
105,16,expressway,expressway,91.84778045449899,100.87542136983316,4.812395588744293,0.18113092244887868,-0.17898122971307895,0.34318808581435967,-0.3736635849655219,0.0,22.58064516129032,33.33333333333333,44.086021505376344,0.0,186.0,4.745468656815779
106,17,expressway,expressway,72.43452887802309,90.41350132215716,17.076912553598135,0.23992944429353422,-0.6574740941285575,0.49011367702202513,-1.626366644030604,0.0,38.095238095238095,26.190476190476193,35.714285714285715,0.0,168.0,3.380278014307744
107,17,expressway,expressway,89.46829631962119,101.71230328608773,9.285583413615399,0.40118526128888904,-0.1835301510133487,4.9805967789895265,-0.7626885056415063,0.25,27.250000000000004,24.75,48.0,0.0,400.0,9.940921813291244
108,17,expressway,expressway,89.77151283694784,94.07768391340508,2.472273851354983,0.19848100048343195,-0.19034585408400972,0.458288825736032,-0.33842205395705527,0.0,17.333333333333336,26.666666666666668,56.00000000000001,0.0,150.0,3.740479701539492
109,18,expressway,expressway,83.03040957861103,96.0517086050239,8.660962205178322,0.23029263643328646,-0.19008420897529837,0.576621915092618,-0.449355735825014,0.0,32.5,21.5,46.0,0.0,400.0,9.225601064290114
110,18,expressway,expressway,86.85248839449139,103.20233073580998,7.322934450692355,0.17635895422056594,-0.18947736697501275,0.39229921249751243,-0.38400669792071085,0.0,25.25,26.25,48.5,0.0,400.0,9.65027648827682
111,18,expressway,expressway,92.15413840957874,104.04650267468875,7.090786564555119,0.183363709785422,-0.17728901658251106,0.32526425886280563,-0.327815036045795,0.0,23.65930599369085,27.760252365930597,48.580441640378545,0.0,317.0,8.114683854399017
112,19,expressway,expressway,84.38634756548129,102.50671725685156,11.29195183656966,0.20726924467591784,-0.18807114519980792,0.4992729004761891,-0.4127860673204875,0.0,30.5,20.0,49.5,0.0,400.0,9.376260840609033
113,19,expressway,expressway,88.27279274358621,98.0511619551712,5.636929267639252,0.18183435535374298,-0.19876494309358045,0.38250767346819003,-0.368198123640731,0.0,27.750000000000004,21.25,51.0,0.0,400.0,9.808088082620692
114,19,expressway,expressway,94.37446991733788,102.3012308864502,3.5392577346013865,0.1818191904694989,-0.2008114270392589,0.3638016776266717,-0.47939188074243333,0.0,26.00896860986547,24.2152466367713,49.775784753363226,0.0,223.0,5.845974108768429
115,20,rural,rural,26.909400503718103,42.08366111169525,6.389652208775356,0.2550054184963758,-0.36211396298965887,0.6246212182438202,-1.2956780335912663,0.0,39.02439024390244,32.19512195121951,28.780487804878046,0.0,205.0,1.532340862017281
116,20,rural,rural,23.945083974443182,32.06184369941292,5.095337284725714,0.34186953080177085,-0.23214601521118308,1.4990376062694257,-0.7719374806399069,0.4166666666666667,27.500000000000004,31.666666666666664,40.833333333333336,0.0,240.0,1.5963389316295453
117,20,rural,rural,27.72734497685955,39.12172767280752,7.374177582671078,0.2552362409691536,-0.36690860014155097,0.6744073281279155,-1.5050736861507161,0.0,38.28125,35.9375,25.78125,0.0,128.0,0.9858611547327839
118,20,rural,rural,24.514873845023924,39.29079006786471,6.494082491934183,0.2879245802169321,-0.3012752723874719,1.560120849826221,-1.0574594540692073,0.4166666666666667,35.0,32.083333333333336,32.916666666666664,0.0,240.0,1.6343249230015948
119,20,rural,rural,24.950562446759772,36.6937537356445,5.022990134998326,0.3220360595707831,-0.25082323967841075,1.3099788072683984,-0.49783544560413384,0.4166666666666667,32.083333333333336,31.25,36.666666666666664,0.0,240.0,1.6633708297839849
120,21,rural,rural,24.17566668070937,38.99086475430273,6.006234989281952,0.26999391994055194,-0.26475566295257663,0.7816716664109542,-0.6797026088547966,0.0,32.5,33.33333333333333,34.166666666666664,0.0,240.0,1.6117111120472913
121,21,rural,rural,23.593850977685275,35.209440636393516,6.322751483898702,0.2491923653156496,-0.4339897452251678,0.40470690234554807,-1.2224247515685522,0.0,29.411764705882355,35.294117647058826,35.294117647058826,0.0,85.0,0.5570770369731246
122,21,rural,rural,28.461767884266003,44.724440330522015,10.222087183792025,0.43386905236115486,-0.38528426996406057,1.444396268098082,-1.1434798179336136,0.8547008547008548,32.47863247863248,38.46153846153847,29.059829059829063,0.0,117.0,0.9250074562386449
123,21,rural,rural,23.62047912962638,33.049205068455215,4.5840572371338775,0.3349184194787837,-0.25017541704687224,1.689416746757985,-0.8211258471969911,0.4166666666666667,32.916666666666664,35.833333333333336,31.25,0.0,240.0,1.5746986086417587
124,21,urban,rural,21.9086752285532,30.067902885090486,7.494684582042469,0.40958841347045927,-0.6748413967736546,1.117431478026901,-1.5759888502182622,1.7857142857142856,42.857142857142854,25.0,32.142857142857146,0.0,56.0,0.34080161466638315
125,21,rural,rural,31.819894242586322,45.318692238709495,7.7814057830224685,0.46153711841657985,-0.3769127703669646,1.5219387637811717,-0.966918007558994,0.8,40.8,37.6,21.6,0.0,125.0,1.1048574389786914
126,22,suburban,rural,25.483901879100554,32.683671441412855,6.91837789278781,0.300360362256777,-0.6446307870305472,0.6322851753541561,-1.4745129030879354,0.0,45.83333333333333,33.33333333333333,20.833333333333336,0.0,48.0,0.33978535838800733
127,22,rural,rural,26.59246537687395,37.087722900014455,5.593150371464479,0.33987485520804167,-0.25796130061676215,1.8192369995985256,-0.8586895142818753,0.4166666666666667,41.25,36.666666666666664,22.083333333333332,0.0,240.0,1.7728310251249297
128,22,rural,rural,32.53066790897239,46.915888301176736,6.166984119048454,0.23769293241541584,-0.21542594647558688,0.6051377182923243,-0.5746506246971226,0.0,27.916666666666668,35.41666666666667,36.666666666666664,0.0,240.0,2.1687111939314927
129,22,rural,rural,26.872864916816948,36.144061650644794,3.939498176783775,0.24122946961232236,-0.23687392608826366,0.6242871458068366,-0.5482776340502324,0.0,32.5,36.25,31.25,0.0,240.0,1.7915243277877966
130,22,rural,rural,25.051566432672047,33.296864070929985,6.018827481613415,0.2418445002146495,-0.35886959155377846,0.40937694686684445,-0.7092965853365978,0.0,38.04347826086957,40.21739130434783,21.73913043478261,0.0,92.0,0.6402066977238411
131,22,rural,rural,30.090626826731135,42.62276635555249,7.834440498917622,0.280580284264417,-0.26875479870812563,0.7965907486368646,-0.68518249720751,0.4166666666666667,39.166666666666664,26.666666666666668,34.166666666666664,0.0,240.0,2.0060417884487425
132,22,rural,rural,36.254241804931596,45.68341070558144,4.109799756582321,0.21207468204658114,-0.23845383866615677,0.49298586026597135,-0.49135065896984464,0.0,39.473684210526315,18.421052631578945,42.10526315789473,0.0,76.0,0.7653673269930003
133,23,rural,rural,29.9717933197018,41.898342723987774,5.915749929396616,0.24713305201412958,-0.3014026030067211,0.5995231707810205,-0.6934704924776227,0.0,38.75,27.083333333333332,34.166666666666664,0.0,240.0,1.9981195546467863
134,23,rural,rural,31.421794710838828,58.12213950386436,12.49722203078011,0.26994277371134434,-0.31687511977969446,0.603555220799679,-1.5519158511176738,0.0,30.0,32.5,37.5,0.0,240.0,2.094786314055922
135,23,rural,rural,31.423654473587355,47.91207302888494,9.810779853598182,0.3300218637586035,-0.4286702534403754,0.9095619999497981,-1.6872494425764502,0.5319148936170213,43.08510638297872,32.97872340425532,23.93617021276596,0.0,188.0,1.6410130669540062
136,23,urban,rural,23.396599655983056,33.54234468928096,8.580411399310728,1.2978399246784964,-0.5555176830267806,1.7566728054113554,-1.298756705177662,3.4482758620689653,24.137931034482758,51.724137931034484,24.137931034482758,0.0,29.0,0.18847260833986357
137,23,urban,rural,25.389760968183587,34.73577028139053,9.16304572036046,0.8552489898433674,-0.42641620153845944,1.8623070454202568,-0.9269412578705554,2.1739130434782608,26.08695652173913,47.82608695652174,26.08695652173913,0.0,46.0,0.3244247234823458
138,23,suburban,rural,21.374004077241587,30.27144821589013,5.615073658440067,0.45756890640536907,-0.4902831870834599,1.4874895106688373,-1.4911875869185378,1.5384615384615385,41.53846153846154,36.92307692307693,21.53846153846154,0.0,65.0,0.3859195180613064
139,23,rural,rural,22.199203026184612,33.55729739270889,6.148680808817924,0.2927982552089593,-0.23940097373450148,1.0526296686150727,-0.567052873512834,0.4166666666666667,35.0,30.833333333333336,34.166666666666664,0.0,240.0,1.4799468684123076
140,23,rural,rural,22.056066759301537,29.599664483423116,4.600704139205445,0.2126010822075146,-0.20416774337687957,0.4234252530616325,-0.41163656964023243,0.0,31.944444444444443,37.5,30.555555555555557,0.0,72.0,0.4411213351860307
141,24,rural,rural,30.817180283490863,50.97735608996209,7.854390314453925,0.25076812876093346,-0.2220976385576885,0.6582542567569671,-0.44698401552777867,0.0,33.33333333333333,30.0,36.666666666666664,0.0,240.0,2.0544786855660577
142,24,rural,rural,28.02162178634319,40.51689801153587,5.714204592674476,0.28192343280972687,-0.2863231514797568,0.5649614364110347,-1.1911022008776104,0.0,27.669902912621357,42.23300970873786,30.097087378640776,0.0,206.0,1.6034594688851938
143,24,rural,rural,32.59998728455096,51.170041587904144,8.965318225849588,0.2931895943336573,-0.2609908917452144,1.228740029290859,-0.48286133042442003,0.4166666666666667,40.833333333333336,29.166666666666668,30.0,0.0,240.0,2.173332485636731
144,24,rural,rural,29.664530468568465,39.89099091246573,5.56831481946014,0.255402184280484,-0.21789639486921622,0.5778906645282742,-0.4703823685229125,0.0,28.749999999999996,34.166666666666664,37.083333333333336,0.0,240.0,1.977635364571231
145,24,rural,rural,30.778913086303074,41.261518492065804,7.301748477254515,0.19694710546185423,-0.47522003471087,0.33930688186391755,-1.603734141145873,0.0,39.285714285714285,36.607142857142854,24.107142857142858,0.0,112.0,0.9575661849072068
146,24,suburban,rural,38.568450875805304,46.27407917811859,9.755206787826399,1.006758120084013,-0.21326698335375227,2.2380484958641262,-0.3287263290609692,2.3255813953488373,30.23255813953488,18.6046511627907,51.162790697674424,0.0,43.0,0.46067871879434114
